,NumberOfImages
0,327
1,273
2,541
3,175
4,155
5,379
6,275
7,253
8,139
9,338
10,165
11,508
12,218
13,86
14,91
15,289
16,227
17,381
18,108
19,185
20,417
21,428
22,84
23,112
24,55
25,213
26,198
27,128
28,382
29,139
30,63
31,195
32,309
33,92
34,275
35,223
36,365
37,90
38,338
39,148
40,97
41,107
42,213
43,113
44,259
45,214
46,148
47,91
48,435
49,83
50,246
51,153
52,233
53,73
54,56
55,63
56,199
57,106
58,262
59,178
60,122
61,112
62,42
63,130
64,177
65,373
66,175
67,215
68,94
69,136
70,169
71,101
72,281
73,324
74,155
75,91
76,89
77,52
78,44
79,454
80,36
81,164
82,24
83,29
84,31
85,35
86,40
87,43
88,51
89,55
90,47
91,36
92,55
93,47
94,32
95,20
96,211
97,51
98,47
99,59
100,38
101,40
102,38
103,28
104,34
105,48
106,35
107,41
108,26
109,26
110,32
111,57
112,39
113,30
114,36
115,23
116,27
117,36
118,67
119,28
120,61
121,36
122,36
123,51
124,66
125,54
126,34
127,37
128,26
129,63
130,186
131,28
132,36
133,29
134,67
135,46
136,25
137,41
138,33
139,34
140,38
141,87
142,21
143,77
144,58
145,30
146,27
147,36
148,151
149,159
150,34
151,35
152,30
153,43
154,249
155,31
156,45
157,43
158,39
159,21
160,34
161,146
162,162
163,57
164,117
165,41
166,31
167,252
168,78
169,35
170,50
171,26
172,26
173,18
174,29
175,33
176,25
177,37
178,38
179,27
180,33
181,30
182,34
183,24
184,35
185,40
186,27
187,28
188,34
189,27
190,36
191,39
192,48
193,27
194,21
195,198
196,20
197,40
198,24
199,37
200,24
201,51
202,78
203,33
204,41
205,62
206,104
207,22
208,31
209,34
210,29
211,24
212,37
213,23
214,199
215,34
216,84
217,347
218,25
219,71
220,108
221,37
222,40
223,31
224,37
225,160
226,440
227,40
228,143
229,133
230,59
231,75
232,20
233,29
234,25
235,46
236,48
237,92
238,64
239,25
240,20
241,21
242,315
243,65
244,61
245,77
246,12
247,59
248,157
249,104
